{"SC": {"moda": 850.0, "mediana": 653.0, "media": 649.537653, "desvio_padrao": 97.233493},
 "RS": {"moda": 850.0, "mediana": 650.0, "media": 651.105143, "desvio_padrao": 95.136598},
 "PR": {"moda": 850.0, "mediana": 650.0, "media": 648.961294, "desvio_padrao": 98.607186}}
